<?xml version="1.0" encoding="utf-8"?>
<extension version="4.1" type="module" client="site" method="upgrade">
    <name>mod_tz_portfolio_filter</name>
    <author>TZ Portfolio</author>
    <creationDate>February 14th 2023</creationDate>
    <copyright>Copyright (C) 2023 TemPlaza. All rights reserved.</copyright>
    <license>GNU/GPL v2 or later http://www.gnu.org/licenses/gpl-2.0.html</license>
    <authorEmail>support@templaza.com</authorEmail>
    <authorUrl>www.tzportfolio.com/</authorUrl>
    <version>4.0.0</version>
    <description>MOD_TZ_PORTFOLIO_FILTER_XML_DESCRIPTION</description>
    <namespace path="src">TemPlaza\Component\TZ_Portfolio\Module\Filter</namespace>
    <files>
        <folder module="mod_tz_portfolio_filter">services</folder>
        <folder>src</folder>
        <folder>tmpl</folder>
        <filename>index.html</filename>
    </files>
    <media folder="media" destination="mod_tz_portfolio">
        <folder>css</folder>
        <folder>js</folder>
    </media>
    <languages folder="language">
        <language tag="en-GB">en-GB/mod_tz_portfolio_filter.ini</language>
        <language tag="en-GB">en-GB/mod_tz_portfolio_filter.sys.ini</language>
    </languages>
    <config>
        <fields name="params" addfieldprefix="TemPlaza\Component\TZ_Portfolio\Administrator\Field">
            <fieldset name="basic">

                <field type="stylelayout" name="template_id"
                       label="COM_TZ_PORTFOLIO_TEMPLATE_LABEL">
                    <option value="0">JOPTION_USE_DEFAULT</option>
                </field>
                <field type="radio" name="show_search_word"
                       default="1" class="switcher btn-group btn-group-yesno"
                       layout="joomla.form.field.radio.switcher"
                       label="MOD_TZ_PORTFOLIO_FIELDS_SHOW_SEARCH_WORD_LABEL">
                    <option value="0">JNO</option>
                    <option value="1">JYES</option>
                </field>

                <field type="radio" name="show_box_label"
                       default="1" class="switcher btn-group"
                       layout="joomla.form.field.radio.switcher"
                       showon="show_search_word:1"
                       label="MOD_TZ_PORTFOLIO_FIELDS_SHOW_BOX_LABEL">
                    <option value="0">JNO</option>
                    <option value="1">JYES</option>
                </field>

                <field type="text" name="label"
                       showon="show_search_word:1"
                        label="MOD_TZ_PORTFOLIO_FILTER_FIELD_LABEL_TEXT_LABEL"
                        description="MOD_TZ_PORTFOLIO_FILTER_FIELD_LABEL_TEXT_DESC"/>

                <field type="text" name="width"
                       showon="show_search_word:1"
                        label="MOD_TZ_PORTFOLIO_FILTER_FIELD_BOXWIDTH_LABEL"
                        description="MOD_TZ_PORTFOLIO_FILTER_FIELD_BOXWIDTH_DESC"/>

                <field type="text" name="text"
                       showon="show_search_word:1"
                        label="MOD_TZ_PORTFOLIO_FILTER_FIELD_TEXT_LABEL"
                        description="MOD_TZ_PORTFOLIO_FILTER_FIELD_TEXT_DESC"/>

                <field type="radio" name="button"
                       layout="joomla.form.field.radio.switcher"
                        label="MOD_TZ_PORTFOLIO_FILTER_FIELD_BUTTON_LABEL"
                        description="MOD_TZ_PORTFOLIO_FILTER_FIELD_BUTTON_DESC"
                        default="1"
                        class="switcher btn-group btn-group-yesno">
                    <option value="0">JNO</option>
                    <option value="1">JYES</option>
                </field>

                <field type="radio" name="imagebutton"
                       layout="joomla.form.field.radio.switcher"
                        label="MOD_TZ_PORTFOLIO_FILTER_FIELD_IMAGEBUTTON_LABEL"
                        description="MOD_TZ_PORTFOLIO_FILTER_FIELD_IMAGEBUTTON_DESC"
                        default="0"
                        class="switcher btn-group btn-group-yesno"
                        showon="button:1">
                    <option value="0">JNO</option>
                    <option value="1">JYES</option>
                </field>
                <field type="media" name="icon"
                       label="MOD_TZ_PORTFOLIO_FIELD_ICON_LABEL"
                        showon="imagebutton:1"/>
                <field type="text" name="icon_class"
                       label="MOD_TZ_PORTFOLIO_FIELD_ICON_CLASS_LABEL"
                        showon="imagebutton:1"/>

                <field type="text" name="button_text"
                        label="MOD_TZ_PORTFOLIO_FILTER_FIELD_BUTTONTEXT_LABEL"
                        description="MOD_TZ_PORTFOLIO_FILTER_FIELD_BUTTONTEXT_DESC"
                        showon="button:1"/>
                <field type="list" name="button_style" default="1" showon="button:1"
                       label="MOD_TZ_PORTFOLIO_FILTER_BUTTON_STYLE_LABEL">
                    <option value="uk-button-default">Default</option>
                    <option value="uk-button-primary">Primary</option>
                    <option value="uk-button-secondary">Secondary</option>
                    <option value="uk-button-danger">Danger</option>
                    <option value="uk-button-text">Text</option>
                    <option value="uk-button-link">Link</option>
                </field>
                <field name="button_width" type="number"
                       showon="button:1"
                       label="MOD_TZ_PORTFOLIO_FILTER_FIELD_BUTTON_WIDTH_LABEL" min="0" max="2000" step="1" />
                <field type="radio" name="search_inline"
                       layout="joomla.form.field.radio.switcher"
                       default="0"
                       showon="button:1[AND]show_category:0"
                       label="MOD_TZ_PORTFOLIO_FILTER_SEARCH_BUTTON_INLINE">
                    <option value="0">JNO</option>
                    <option value="1">JYES</option>
                </field>
                <field type="radio" name="show_category"
                       layout="joomla.form.field.radio.switcher"
                       default="0" class="switcher btn-group btn-group-yesno"
                       label="JGLOBAL_SHOW_CATEGORY_LABEL">
                    <option value="0">JNO</option>
                    <option value="1">JYES</option>
                </field>
                <field type="text" name="category_text"
                       showon="show_category:1"
                       label="MOD_TZ_PORTFOLIO_FILTER_CATEGORY_TEXT_LABEL"/>
                <field type="radio" name="show_category_text"
                       default="1" class="switcher btn-group"
                       layout="joomla.form.field.radio.switcher"
                       showon="show_category:1"
                       label="MOD_TZ_PORTFOLIO_FILTER_SHOW_CATEGORY_TEXT_LABEL">
                    <option value="0">JNO</option>
                    <option value="1">JYES</option>
                </field>
                <field type="tzcategory" name="parent_cat"
                       show_root="true"
                       showon="show_category:1"
                       label="MOD_TZ_PORTFOLIO_FILTER_PARENT_CAT_LABEL"
                       description="MOD_TZ_PORTFOLIO_FILTER_PARENT_CAT_DESC"/>
                <field type="radio" name="show_parent_root"
                       default="1" class="switcher btn-group"
                       layout="joomla.form.field.radio.switcher"
                       showon="show_category:1"
                       label="MOD_TZ_PORTFOLIO_SHOW_PARENT_ROOT_LABEL">
                    <option value="0">JNO</option>
                    <option value="1">JYES</option>
                </field>

                <field type="radio" name="show_fields"
                       layout="joomla.form.field.radio.switcher"
                       default="1" class="switcher btn-group btn-group-yesno"
                       label="MOD_TZ_PORTFOLIO_FIELDS_SHOW_FIELDS_LABEL">
                    <option value="0">JNO</option>
                    <option value="1">JYES</option>
                </field>
                <field type="extrafields" name="fields"
                       multiple="true"
                       showon="show_fields:1"
                       hint="MOD_TZ_PORTFOLIO_SELECT_FIELDS"
                       label="MOD_TZ_PORTFOLIO_FIELDS_LABEL"
                       description="MOD_TZ_PORTFOLIO_FIELDS_DESC"/>
                <field type="radio" name="show_group_title"
                       layout="joomla.form.field.radio.switcher"
                       default="0" class="switcher btn-group"
                       label="MOD_TZ_PORTFOLIO_SHOW_GROUP_TITLE_LABEL">
                    <option value="0">JNO</option>
                    <option value="1">JYES</option>
                </field>

                <field type="menuitem" name="set_itemid"
                        label="MOD_TZ_PORTFOLIO_FILTER_FIELD_SETITEMID_LABEL"
                        description="MOD_TZ_PORTFOLIO_FILTER_FIELD_SETITEMID_DESC"
                        default="0">
                    <option value="0">MOD_TZ_PORTFOLIO_FILTER_SELECT_MENU_ITEMID</option>
                </field>
                <field type="spacer" name="spacer_module_responsive_hr" hr="true" />
                <field name="module_responsive _note" type="note" label="TZPORTFOLIO_ADDON_RESPONSIVE" />
                <field type="list" name="column_lg" default="1"
                       label="MOD_TZ_PORTFOLIO_FILTER_COLUMN_LG">
                    <option value="auto">auto</option>
                    <option value="1">1/1</option>
                    <option value="2">1/2</option>
                    <option value="3">1/3</option>
                    <option value="4">1/4</option>
                    <option value="6">1/6</option>
                </field>
                <field type="list" name="column_md" default="1"
                       label="MOD_TZ_PORTFOLIO_FILTER_COLUMN_MD">
                    <option value="auto">auto</option>
                    <option value="1">1/1</option>
                    <option value="2">1/2</option>
                    <option value="3">1/3</option>
                    <option value="4">1/4</option>
                    <option value="6">1/6</option>
                </field>
                <field type="list" name="column_sm" default="1"
                       label="MOD_TZ_PORTFOLIO_FILTER_COLUMN_SM">
                    <option value="auto">auto</option>
                    <option value="1">1/1</option>
                    <option value="2">1/2</option>
                    <option value="3">1/3</option>
                    <option value="4">1/4</option>
                    <option value="6">1/6</option>
                </field>
                <field type="list" name="column" default="1"
                       label="MOD_TZ_PORTFOLIO_FILTER_COLUMN_XS">
                    <option value="auto">auto</option>
                    <option value="1">1/1</option>
                    <option value="2">1/2</option>
                    <option value="3">1/3</option>
                    <option value="4">1/4</option>
                    <option value="6">1/6</option>
                </field>
                <field type="list" name="gutter" default=""
                       label="MOD_TZ_PORTFOLIO_FILTER_GUTTER">
                    <option value="">Default</option>
                    <option value="gx-1">X-Small</option>
                    <option value="gx-2">Small</option>
                    <option value="gx-3">Medium</option>
                    <option value="gx-4">Large</option>
                    <option value="gx-5">X-Large</option>
                </field>
            </fieldset>

            <fieldset name="advanced">

                <field type="modulelayout" name="layout"
                       class="form-select"
                       label="JFIELD_ALT_LAYOUT_LABEL"
                       description="JFIELD_ALT_MODULE_LAYOUT_DESC"/>
                <field type="text" name="moduleclass_sfx"
                       label="COM_MODULES_FIELD_MODULECLASS_SFX_LABEL"
                       description="COM_MODULES_FIELD_MODULECLASS_SFX_DESC"/>
                <field type="list" name="cache"
                       default="1"
                       label="COM_MODULES_FIELD_CACHING_LABEL"
                       description="COM_MODULES_FIELD_CACHING_DESC">
                    <option value="1">JGLOBAL_USE_GLOBAL</option>
                    <option value="0">COM_MODULES_FIELD_VALUE_NOCACHING</option>
                </field>
                <field type="text" name="cache_time"
                       default="900"
                       label="COM_MODULES_FIELD_CACHE_TIME_LABEL"
                       description="COM_MODULES_FIELD_CACHE_TIME_DESC"/>
                <field type="hidden" name="cachemode"
                       default="static">
                    <option value="static"></option>
                </field>
                <field type="radio" name="enable_uikit"
                       layout="joomla.form.field.radio.switcher"
                       default="1" class="switcher btn-group"
                       label="COM_TZ_PORTFOLIO_ENABLE_UIKIT_LABEL">
                    <option value="0">JNO</option>
                    <option value="1">JYES</option>
                </field>
                <field type="list" name="uikit_loading"
                       showon="enable_uikit:1"
                       default="cdn"
                       label="COM_TZ_PORTFOLIO_UIKIT_LOADING">
                    <option value="cdn">COM_TZ_PORTFOLIO_CDN</option>
                    <option value="local">COM_TZ_PORTFOLIO_LOCAL</option>
                </field>
<!--                <field type="radio" name="enable_bootstrap"-->
<!--                       default="0" class="switcher btn-group"-->
<!--                       layout="joomla.form.field.radio.switcher"-->
<!--                       label="COM_TZ_PORTFOLIO_ENABLE_BOOTSTRAP_LIBRARY_LABEL">-->
<!--                    <option value="0">JNO</option>-->
<!--                    <option value="1">JYES</option>-->
<!--                </field>-->
<!--                <field type="list" name="bootstrapversion"-->
<!--                       default="3"-->
<!--                       showon="enable_bootstrap:1"-->
<!--                       label="COM_TZ_PORTFOLIO_BOOTSTRAP_VERSION">-->
<!--                    <option value="3">JGLOBAL_SEF_ADVANCED_LEGACY</option>-->
<!--                    <option value="4">v4</option>-->
<!--                </field>-->
<!--                <field type="radio" name="enable_bootstrap_js"-->
<!--                       default="1" class="switcher btn-group"-->
<!--                       layout="joomla.form.field.radio.switcher"-->
<!--                       showon="enable_bootstrap:1"-->
<!--                       label="COM_TZ_PORTFOLIO_ENABLE_BOOTSTRAP_JS_LABEL">-->
<!--                    <option value="0">JNO</option>-->
<!--                    <option value="1">JYES</option>-->
<!--                </field>-->
            </fieldset>
        </fields>
    </config>
</extension>
