[{"name":"Media","class":"","responsive":"","backgroundcolor":"rgba(255, 255, 255, 0)","textcolor":"rgba(255, 255, 255, 0)","linkcolor":"rgba(255, 255, 255, 0)","linkhovercolor":"rgba(255, 255, 255, 0)","margin":"","padding":"","containertype":"container-fluid","children":[{"col-xs":"","col-sm":"","col-md":"","col-lg":"12","col-xs-offset":"","col-sm-offset":"","col-md-offset":"","col-lg-offset":"","type":"media","customclass":"","responsiveclass":""}]},{"name":"Title","class":"","responsive":"","backgroundcolor":"rgba(255, 255, 255, 0)","textcolor":"rgba(255, 255, 255, 0)","linkcolor":"rgba(255, 255, 255, 0)","linkhovercolor":"rgba(255, 255, 255, 0)","margin":"","padding":"0 0 20px","containertype":"container-fluid","children":[{"col-xs":"","col-sm":"","col-md":"","col-lg":"10","col-xs-offset":"","col-sm-offset":"","col-md-offset":"","col-lg-offset":"","type":"title","customclass":"","responsiveclass":""},{"col-xs":"","col-sm":"","col-md":"","col-lg":"2","col-xs-offset":"","col-sm-offset":"","col-md-offset":"","col-lg-offset":"","type":"icons","customclass":"","responsiveclass":""}]},{"name":"Information","class":"inline-style muted","responsive":"","backgroundcolor":"rgba(255, 255, 255, 0)","textcolor":"rgba(255, 255, 255, 0)","linkcolor":"rgba(255, 255, 255, 0)","linkhovercolor":"rgba(255, 255, 255, 0)","margin":"","padding":"0 0 20px","containertype":"container-fluid","children":[{"col-xs":"12","col-sm":"12","col-md":"12","col-lg":"12","col-xs-offset":"","col-sm-offset":"","col-md-offset":"","col-lg-offset":"","type":"created_date","customclass":"","responsiveclass":""},{"col-xs":"12","col-sm":"12","col-md":"12","col-lg":"12","col-xs-offset":"","col-sm-offset":"","col-md-offset":"","col-lg-offset":"","type":"vote","customclass":"","responsiveclass":""},{"col-xs":"12","col-sm":"12","col-md":"12","col-lg":"12","col-xs-offset":"","col-sm-offset":"","col-md-offset":"","col-lg-offset":"","type":"author","customclass":"","responsiveclass":""},{"col-xs":"12","col-sm":"12","col-md":"12","col-lg":"12","col-xs-offset":"","col-sm-offset":"","col-md-offset":"","col-lg-offset":"","type":"category","customclass":"","responsiveclass":""},{"col-xs":"12","col-sm":"12","col-md":"12","col-lg":"12","col-xs-offset":"","col-sm-offset":"","col-md-offset":"","col-lg-offset":"","type":"hits","customclass":"","responsiveclass":""},{"col-xs":"12","col-sm":"12","col-md":"12","col-lg":"12","col-xs-offset":"","col-sm-offset":"","col-md-offset":"","col-lg-offset":"","type":"published_date","customclass":"","responsiveclass":""},{"col-xs":"12","col-sm":"12","col-md":"12","col-lg":"12","col-xs-offset":"","col-sm-offset":"","col-md-offset":"","col-lg-offset":"","type":"modified_date","customclass":"","responsiveclass":""}]},{"name":"Extra Fields","class":"","responsive":"","backgroundcolor":"rgba(255, 255, 255, 0)","textcolor":"rgba(255, 255, 255, 0)","linkcolor":"rgba(255, 255, 255, 0)","linkhovercolor":"rgba(255, 255, 255, 0)","margin":"","padding":"","containertype":"container-fluid","children":[{"col-xs":"12","col-sm":"12","col-md":"12","col-lg":"12","col-xs-offset":"","col-sm-offset":"","col-md-offset":"","col-lg-offset":"","type":"extrafields","customclass":"","responsiveclass":""}]},{"name":"Introtext","class":"","responsive":"","backgroundcolor":"rgba(255, 255, 255, 0)","textcolor":"rgba(255, 255, 255, 0)","linkcolor":"rgba(255, 255, 255, 0)","linkhovercolor":"rgba(255, 255, 255, 0)","margin":"","padding":"","containertype":"container-fluid","children":[{"col-xs":"12","col-sm":"12","col-md":"12","col-lg":"12","col-xs-offset":"","col-sm-offset":"","col-md-offset":"","col-lg-offset":"","type":"introtext","customclass":"","responsiveclass":""}]},{"name":"Fulltext","class":"","responsive":"","backgroundcolor":"rgba(255, 255, 255, 0)","textcolor":"rgba(255, 255, 255, 0)","linkcolor":"rgba(255, 255, 255, 0)","linkhovercolor":"rgba(255, 255, 255, 0)","margin":"","padding":"","containertype":"container-fluid","children":[{"col-xs":"12","col-sm":"12","col-md":"12","col-lg":"12","col-xs-offset":"","col-sm-offset":"","col-md-offset":"","col-lg-offset":"","type":"fulltext","customclass":"","responsiveclass":""}]},{"name":"Tags","class":"","responsive":"","backgroundcolor":"rgba(255, 255, 255, 0)","textcolor":"rgba(255, 255, 255, 0)","linkcolor":"rgba(255, 255, 255, 0)","linkhovercolor":"rgba(255, 255, 255, 0)","margin":"","padding":"","containertype":"container-fluid","children":[{"col-xs":"12","col-sm":"12","col-md":"12","col-lg":"12","col-xs-offset":"","col-sm-offset":"","col-md-offset":"","col-lg-offset":"","type":"tags","customclass":"","responsiveclass":""}]},{"name":"Author Info","class":"","responsive":"","backgroundcolor":"rgba(255, 255, 255, 0)","textcolor":"rgba(255, 255, 255, 0)","linkcolor":"rgba(255, 255, 255, 0)","linkhovercolor":"rgba(255, 255, 255, 0)","margin":"","padding":"","containertype":"container-fluid","children":[{"col-xs":"12","col-sm":"12","col-md":"12","col-lg":"12","col-xs-offset":"","col-sm-offset":"","col-md-offset":"","col-lg-offset":"","type":"author_about","customclass":"","responsiveclass":""}]},{"name":"Related Articles","class":"","responsive":"","backgroundcolor":"rgba(255, 255, 255, 0)","textcolor":"rgba(255, 255, 255, 0)","linkcolor":"rgba(255, 255, 255, 0)","linkhovercolor":"rgba(255, 255, 255, 0)","margin":"","padding":"","containertype":"container-fluid","children":[{"col-xs":"12","col-sm":"12","col-md":"12","col-lg":"12","col-xs-offset":"","col-sm-offset":"","col-md-offset":"","col-lg-offset":"","type":"related","customclass":"","responsiveclass":""}]}]