<?xml version="1.0" encoding="utf-8"?>
<!DOCTYPE install PUBLIC "-//Joomla! 2.5//DTD template 1.0//EN" "http://www.joomla.org/xml/dtd/2.5/template-install.dtd">
<extension version="4.1" type="tz_portfolio-style" method="upgrade">
    <name>system</name>
    <version>4.0.0</version>
    <creationDate>July 17th 2015</creationDate>
    <author>TZ Portfolio</author>
    <authorEmail>info@templaza.com</authorEmail>
    <authorUrl>www.templaza.com</authorUrl>
    <copyright>Copyright (C) 2015 TemPlaza. All rights reserved.</copyright>
	<license>GNU General Public License version 2 or later; see LICENSE.txt</license>
    <description>TZ_PORTFOLIO_TPL_XML_DESCRIPTION</description>

    <tpTargetPlatforms>
        <tpTargetPlatform name="com_tz_portfolio" version="4.*"/>
    </tpTargetPlatforms>

    <files>
        <folder>html</folder>
        <folder>images</folder>
        <folder>js</folder>
        <folder>language</folder>
        <folder>scss</folder>
        <filename>index.html</filename>
        <filename>template.php</filename>
        <filename>template.xml</filename>
        <filename>template_preview.png</filename>
    </files>
    <config>
        <fields name="params">
            <fieldset name="basic">
                <field type="radio" name="use_single_layout_builder"
                       default="1" class="switcher btn-group"
                       layout="joomla.form.field.radio.switcher"
                       label="COM_TZ_PORTFOLIO_USE_SINGLE_LAYOUT_BUILDER_LABEL">
                    <option value="0">JNO</option>
                    <option value="1">JYES</option>
                </field>
                <field type="radio" name="load_style"
                       default="0" class="switcher btn-group"
                       layout="joomla.form.field.radio.switcher"
                       label="TPL_SYSTEM_LOAD_STYLE_LABEL">
                    <option value="0">JNO</option>
                    <option value="1">JYES</option>
                </field>
            </fieldset>
        </fields>
    </config>
</extension>
